{"type":"Sprite","props":{"texture":"test/b1.png","presetID":1,"pivotY":50,"pivotX":50,"name":"levelTxt","isPresetRoot":true,"group":1,"gravityScale":0.5},"compId":1,"child":[{"type":"Script","props":{"width":100,"presetID":2,"height":100,"runtime":"laya.physics.BoxCollider"},"compId":2},{"type":"Script","props":{"type":"dynamic","presetID":3,"group":-1,"gravityScale":0.5,"runtime":"laya.physics.RigidBody"},"compId":3},{"type":"Text","props":{"y":0,"x":11.5,"width":77,"valign":"middle","text":"1","presetID":4,"name":"levelTxt","height":100,"fontSize":100,"color":"#ffffff","align":"center","runtime":"laya.display.Text"},"compId":4},{"type":"Script","props":{"presetID":5,"runtime":"script/DropBox.ts"},"compId":9}],"loadList":["test/b1.png"],"loadList3D":[]}