[[{"__type__":"cc.SceneAsset","_name":"mainScene","scene":{"__id__":1},"asyncLoadAssets":null},{"__type__":"cc.Scene","_name":"New Node","_children":[{"__id__":2}],"_anchorPoint":{"__type__":"cc.Vec2"},"_scale":{"__type__":"cc.Vec3","x":0.6043618815592203,"y":0.6043618815592203,"z":1},"_zIndex":0,"autoReleaseAssets":false},{"__type__":"cc.Node","_name":"New Canvas","_parent":{"__id__":1},"_children":[{"__id__":3},{"__id__":4}],"_components":[{"__type__":"cc.Canvas","node":{"__id__":2},"_designResolution":{"__type__":"cc.Size","width":375,"height":667},"_fitWidth":true}],"_color":{"__type__":"cc.Color","r":13,"g":13,"b":13},"_contentSize":{"__type__":"cc.Size","width":375,"height":667},"_position":{"__type__":"cc.Vec3","x":187.5,"y":333.5},"_scale":{"__type__":"cc.Vec3","x":1,"y":1,"z":1},"_zIndex":0,"_id":"b26TOARSdIEo9BXzjKhfFX"},{"__type__":"cc.Node","_name":"layout","_parent":{"__id__":2},"_level":1,"_components":[{"__type__":"cc.Sprite","node":{"__id__":3},"_spriteFrame":{"__uuid__":"9bvaMerUlDyary99mJa6xp"},"_type":1,"_sizeMode":0},{"__type__":"cc.Layout","node":{"__id__":3},"_layoutSize":{"__type__":"cc.Size","width":375,"height":667}}],"_color":{"__type__":"cc.Color","r":156,"g":189,"b":255},"_contentSize":{"__type__":"cc.Size","width":375,"height":667},"_scale":{"__type__":"cc.Vec3","x":1,"y":1,"z":1},"_zIndex":0},{"__type__":"cc.Node","_name":"Main Camera","_objFlags":512,"_parent":{"__id__":2},"_components":[{"__type__":"cc.Camera","node":{"__id__":4}}],"_color":{"__type__":"cc.Color"},"_scale":{"__type__":"cc.Vec3","x":1,"y":1,"z":1},"_zIndex":0}],{"__type__":"cc.SpriteFrame","content":{"name":"default_panel","texture":"d8HsitJHxOYqo801xBk8ev","rect":[0,0,20,20],"offset":[0,0],"originalSize":[20,20],"capInsets":[6,6,6,6]}}]