[[{"__type__":"cc.SceneAsset","_name":"backBtn","scene":{"__id__":1},"asyncLoadAssets":null},{"__type__":"cc.Scene","_name":"New Node","_children":[{"__id__":2}],"_anchorPoint":{"__type__":"cc.Vec2"},"_scale":{"__type__":"cc.Vec3","x":0.21305338541666666,"y":0.21305338541666666,"z":1},"_zIndex":0,"autoReleaseAssets":false},{"__type__":"cc.Node","_name":"New Canvas","_parent":{"__id__":1},"_children":[{"__id__":3},{"__id__":4}],"_components":[{"__type__":"cc.Canvas","node":{"__id__":2},"_designResolution":{"__type__":"cc.Size","width":1080,"height":1920},"_fitWidth":true}],"_color":{"__type__":"cc.Color","r":119,"g":188,"b":241},"_contentSize":{"__type__":"cc.Size","width":1080,"height":1920},"_position":{"__type__":"cc.Vec3","x":540,"y":960},"_scale":{"__type__":"cc.Vec3","x":1,"y":1,"z":1},"_zIndex":0,"_id":"b26TOARSdIEo9BXzjKhfFX"},{"__type__":"cc.Node","_name":"layout","_parent":{"__id__":2},"_level":1,"_components":[{"__type__":"cc.Sprite","node":{"__id__":3},"_spriteFrame":{"__uuid__":"9bvaMerUlDyary99mJa6xp"},"_type":1,"_sizeMode":0},{"__type__":"cc.Layout","node":{"__id__":3},"_layoutSize":{"__type__":"cc.Size","width":1080,"height":1920}}],"_color":{"__type__":"cc.Color","r":119,"g":188,"b":241},"_contentSize":{"__type__":"cc.Size","width":1080,"height":1920},"_position":{"__type__":"cc.Vec3","x":-4,"y":3},"_scale":{"__type__":"cc.Vec3","x":1,"y":1,"z":1},"_zIndex":0},{"__type__":"cc.Node","_name":"Main Camera","_parent":{"__id__":2},"_components":[{"__type__":"cc.Camera","node":{"__id__":4}}],"_scale":{"__type__":"cc.Vec3","x":1,"y":1,"z":1},"_zIndex":0}],{"__type__":"cc.SpriteFrame","content":{"name":"default_panel","texture":"d8HsitJHxOYqo801xBk8ev","rect":[0,0,20,20],"offset":[0,0],"originalSize":[20,20],"capInsets":[6,6,6,6]}}]