{
    "deviceOrientation": "portrait",
    "networkTimeout": {
        "request": 5000,
        "connectSocket": 5000,
        "uploadFile": 5000,
        "downloadFile": 5000
    },
    "navigateToMiniProgramAppIdList": [
        "wx2d03226189afbe7f",
        "wx56c280a3aecb8fc5",
        "wx94412571bb3a41d4",
        "wx799d4d93a341b368",
        "wxe0a4103e20701467",
        "wxfa535ae63153ea2b",
        "wx2e6ee9b21d4b0129",
        "wx6092d7f44e8b8abb",
        "wx89db9ff783f2bef9"
	],
    "subpackages": []
}