{
	"description": "项目配置文件。",
	"setting": {
		"urlCheck": false,
		"es6": false,
		"postcss": true,
		"minified": true,
		"newFeature": false,
		"autoAudits": false
	},
	"compileType": "game",
	"libVersion": "2.11.0",
	"appid": "wx4fba7bbece2a82a3",
	"projectname": "cocos_game_demo",
	"simulatorType": "wechat",
	"simulatorPluginLibVersion": {},
	"condition": {
		"search": {
			"current": -1,
			"list": []
		},
		"conversation": {
			"current": -1,
			"list": []
		},
		"game": {
			"current": 0,
			"list": [
				{
					"id": -1,
					"name": "backBtn",
					"scene": "1037",
					"referrerInfo": {
						"extraData": "{\"tiger_info\": {\"aid\":\"wx9241cb202eda304d\",\"ak\":\"09bf6510-c0b2-11e8-b4af-cd8672f5b2ad\",\"fromType\":\"backBtn\",\"gender\":0,\"pid\":\"1c1a13b0-238e-11e9-8550-6d12d4af1c13\",\"scene\":1001,\"tid\":\"15511953061716857841\",\"uid\":\"owkH15dLN6Wy6Xlupuw7wS-9NCes\",\"uidfp\":\"24ef01aac96c82437d29766427626e8a68a9f0f2\",\"v\":\"1.9.0\"}}",
						"appId": "wx9241cb202eda304d"
					}
				}
			]
		},
		"miniprogram": {
			"current": -1,
			"list": []
		}
	}
}